Workbook
Name solver_adj: CCR_Solver!$B$5:$B$15
Name solver_opt: CCR_Solver!$B$5
Name solver_typ: 2
Name solver_val: 0
Name solver_num: 2
Name solver_lhs1: CCR_Solver!$B$20:$B$22
Name solver_rel1: 1
Name solver_rhs1: CCR_Solver!$D$20:$D$22
Name solver_lhs2: CCR_Solver!$B$24:$B$26
Name solver_rel2: 3
Name solver_rhs2: CCR_Solver!$D$24:$D$26
Name solver_eng: 2
Name solver_neg: 1
Name solver_lin: 2
Name solver_ver: 3
Name solver_sho: 2
Name solver_scl: 1

Sheet Instructions
A1: Experiment 9 – CCR DEA with Excel Solver (input-oriented, constant returns to scale)
A3: Sheets
A4: DEA_Input – 10 customers (DMUs) from the Customer Segmentation dataset: 3 inputs, 3 outputs
A5: CCR_Solver – the Solver model for ONE target DMU (pick it in cell B2)
A6: Results – final table, status, chart, benchmark (reference) DMUs
A8: Inputs : NumDealsPurchases, AcceptedCampaigns (=SUM AcceptedCmp1..5), Recency
A9: Outputs: MntWines, MntFruits, NumPurchases (=Web+Catalog+Store purchases)
A11: How to run Solver (repeat for each customer)
A12: 1. Excel: File > Options > Add-ins > Manage Excel Add-ins > Go > tick Solver Add-in > OK (Data > Solver appears).
A13: 2. Go to sheet CCR_Solver. Type the target customer number (1-10) in B2.
A14: 3. Reset start values: Theta (B5) = 1, lambda of target DMU = 1, all other lambdas = 0.
A15: 4. Data > Solver. The model is already loaded (if blank, enter it as listed below).
... A27: Scores are relative to these 10 customers only (a different sample gives different scores).

Sheet DEA_Input
A1: DMU | B1: Customer ID | C1: Input 1 NumDealsPurchases | D1: Input 2 AcceptedCampaigns | E1: Input 3 Recency | F1: Output 1 MntWines | G1: Output 2 MntFruits | H1: Output 3 NumPurchases
A2: Customer 1 | B2: 5524 | C2: 3 | D2: 0 | E2: 58 | F2: 635 | G2: 88 | H2: 22
A3: Customer 2 | B3: 2174 | C3: 2 | D3: 0 | E3: 38 | F3: 11 | G3: 1 | H3: 4
A4: Customer 3 | B4: 4141 | C4: 1 | D4: 0 | E4: 26 | F4: 426 | G4: 49 | H4: 20
A5: Customer 4 | B5: 6182 | C5: 2 | D5: 0 | E5: 26 | F5: 11 | G5: 4 | H5: 6
A6: Customer 5 | B6: 5324 | C6: 5 | D6: 0 | E6: 94 | F6: 173 | G6: 43 | H6: 14
A7: Customer 6 | B7: 7446 | C7: 2 | D7: 0 | E7: 16 | F7: 520 | G7: 42 | H7: 20
A8: Customer 7 | B8: 965 | C8: 4 | D8: 0 | E8: 34 | F8: 235 | G8: 65 | H8: 17
A9: Customer 8 | B9: 6177 | C9: 2 | D9: 0 | E9: 32 | F9: 76 | G9: 10 | H9: 8
A10: Customer 9 | B10: 4855 | C10: 1 | D10: 0 | E10: 19 | F10: 14 | G10: 0 | H10: 5
A11: Customer 10 | B11: 5899 | C11: 1 | D11: 1 | E11: 68 | F11: 28 | G11: 0 | H11: 1
A13: DMU = Decision Making Unit; one customer = one DMU.
A14: AcceptedCampaigns = AcceptedCmp1+AcceptedCmp2+AcceptedCmp3+AcceptedCmp4+AcceptedCmp5; NumPurchases = NumWebPurchases+NumCatalogPurchases+NumStorePurchases

Sheet CCR_Solver
A1: CCR DEA model – input-oriented, CRS
A2: Target DMU number (1-10) | B2: 1
A3: Target DMU | B3: =INDEX(DEA_Input!$A$2:$A$11,$B$2)
A4: DMU / λ | B4: λ (changing cells) | C4: Input 1 Deals | D4: Input 2 Campaigns | E4: Input 3 Recency | F4: Output 1 Wines | G4: Output 2 Fruits | H4: Output 3 Purchases
A5: Theta (θ) – objective, MIN | B5: 1
A6: ="λ"&1&" "&DEA_Input!A2 | B6: 1 | C6: =DEA_Input!C2 | D6: =DEA_Input!D2 | E6: =DEA_Input!E2 | F6: =DEA_Input!F2 | G6: =DEA_Input!G2 | H6: =DEA_Input!H2
A7: ="λ"&2&" "&DEA_Input!A3 | B7: 0 | C7: =DEA_Input!C3 | D7: =DEA_Input!D3 | E7: =DEA_Input!E3 | F7: =DEA_Input!F3 | G7: =DEA_Input!G3 | H7: =DEA_Input!H3
A8: ="λ"&3&" "&DEA_Input!A4 | B8: 0 | C8: =DEA_Input!C4 | D8: =DEA_Input!D4 | E8: =DEA_Input!E4 | F8: =DEA_Input!F4 | G8: =DEA_Input!G4 | H8: =DEA_Input!H4
A9: ="λ"&4&" "&DEA_Input!A5 | B9: 0 | C9: =DEA_Input!C5 | D9: =DEA_Input!D5 | E9: =DEA_Input!E5 | F9: =DEA_Input!F5 | G9: =DEA_Input!G5 | H9: =DEA_Input!H5
A10: ="λ"&5&" "&DEA_Input!A6 | B10: 0 | C10: =DEA_Input!C6 | D10: =DEA_Input!D6 | E10: =DEA_Input!E6 | F10: =DEA_Input!F6 | G10: =DEA_Input!G6 | H10: =DEA_Input!H6
A11: ="λ"&6&" "&DEA_Input!A7 | B11: 0 | C11: =DEA_Input!C7 | D11: =DEA_Input!D7 | E11: =DEA_Input!E7 | F11: =DEA_Input!F7 | G11: =DEA_Input!G7 | H11: =DEA_Input!H7
A12: ="λ"&7&" "&DEA_Input!A8 | B12: 0 | C12: =DEA_Input!C8 | D12: =DEA_Input!D8 | E12: =DEA_Input!E8 | F12: =DEA_Input!F8 | G12: =DEA_Input!G8 | H12: =DEA_Input!H8
A13: ="λ"&8&" "&DEA_Input!A9 | B13: 0 | C13: =DEA_Input!C9 | D13: =DEA_Input!D9 | E13: =DEA_Input!E9 | F13: =DEA_Input!F9 | G13: =DEA_Input!G9 | H13: =DEA_Input!H9
A14: ="λ"&9&" "&DEA_Input!A10 | B14: 0 | C14: =DEA_Input!C10 | D14: =DEA_Input!D10 | E14: =DEA_Input!E10 | F14: =DEA_Input!F10 | G14: =DEA_Input!G10 | H14: =DEA_Input!H10
A15: ="λ"&10&" "&DEA_Input!A11 | B15: 0 | C15: =DEA_Input!C11 | D15: =DEA_Input!D11 | E15: =DEA_Input!E11 | F15: =DEA_Input!F11 | G15: =DEA_Input!G11 | H15: =DEA_Input!H11
A16: Target DMU values | C16: =INDEX(C$6:C$15,$B$2) | D16: =INDEX(D$6:D$15,$B$2) | E16: =INDEX(E$6:E$15,$B$2) | F16: =INDEX(F$6:F$15,$B$2) | G16: =INDEX(G$6:G$15,$B$2) | H16: =INDEX(H$6:H$15,$B$2)
A18: CONSTRAINTS
A19: Constraint | B19: LHS Σ λj·x/y | C19: Relation | D19: RHS
A20: Input 1 – NumDealsPurchases | B20: =SUMPRODUCT($B$6:$B$15,C$6:C$15) | C20: <= | D20: =$B$5*C$16
A21: Input 2 – AcceptedCampaigns | B21: =SUMPRODUCT($B$6:$B$15,D$6:D$15) | C21: <= | D21: =$B$5*D$16
A22: Input 3 – Recency | B22: =SUMPRODUCT($B$6:$B$15,E$6:E$15) | C22: <= | D22: =$B$5*E$16
A24: Output 1 – MntWines | B24: =SUMPRODUCT($B$6:$B$15,F$6:F$15) | C24: >= | D24: =F$16
A25: Output 2 – MntFruits | B25: =SUMPRODUCT($B$6:$B$15,G$6:G$15) | C25: >= | D25: =G$16
A26: Output 3 – NumPurchases | B26: =SUMPRODUCT($B$6:$B$15,H$6:H$15) | C26: >= | D26: =H$16
A27: Non-negativity: Theta >= 0 and all λ >= 0 (tick 'Make Unconstrained Variables Non-Negative'). Method: Simplex LP.
A28: Check (all constraints met?) | B28: =IF(AND(B20<=D20+0.0001,B21<=D21+0.0001,B22<=D22+0.0001,B24>=D24-0.0001,B25>=D25-0.0001,B26>=D26-0.0001),"OK","VIOLATED")
A29: CCR efficiency score (Theta) | B29: =B5
A30: Status | B30: =IF(ROUND(B5,4)>=1,"Efficient","Inefficient")

Sheet Results
A1: CCR DEA – efficiency results (10 customers)
A3: DMU | B3: NumDeals Purchases | C3: Accepted Campaigns | D3: Recency | E3: MntWines | F3: MntFruits | G3: NumPurchases | H3: Expected score (LP check) | I3: Your Solver score | J3: Status (from your score)
A4: =DEA_Input!A2 | B4: =DEA_Input!C2 | C4: =DEA_Input!D2 | D4: =DEA_Input!E2 | E4: =DEA_Input!F2 | F4: =DEA_Input!G2 | G4: =DEA_Input!H2 | H4: 0.7593 | J4: =IF(I4="","",IF(ROUND(I4,4)>=1,"Efficient","Inefficient"))
A5: =DEA_Input!A3 | B5: =DEA_Input!C3 | C5: =DEA_Input!D3 | D5: =DEA_Input!E3 | E5: =DEA_Input!F3 | F5: =DEA_Input!G3 | G5: =DEA_Input!H3 | H5: 0.1241 | J5: =IF(I5="","",IF(ROUND(I5,4)>=1,"Efficient","Inefficient"))
A6: =DEA_Input!A4 | B6: =DEA_Input!C4 | C6: =DEA_Input!D4 | D6: =DEA_Input!E4 | E6: =DEA_Input!F4 | F6: =DEA_Input!G4 | G6: =DEA_Input!H4 | H6: 1 | J6: =IF(I6="","",IF(ROUND(I6,4)>=1,"Efficient","Inefficient"))
A7: =DEA_Input!A5 | B7: =DEA_Input!C5 | C7: =DEA_Input!D5 | D7: =DEA_Input!E5 | E7: =DEA_Input!F5 | F7: =DEA_Input!G5 | G7: =DEA_Input!H5 | H7: 0.2348 | J7: =IF(I7="","",IF(ROUND(I7,4)>=1,"Efficient","Inefficient"))
A8: =DEA_Input!A6 | B8: =DEA_Input!C6 | C8: =DEA_Input!D6 | D8: =DEA_Input!E6 | E8: =DEA_Input!F6 | F8: =DEA_Input!G6 | G8: =DEA_Input!H6 | H8: 0.2275 | J8: =IF(I8="","",IF(ROUND(I8,4)>=1,"Efficient","Inefficient"))
A9: =DEA_Input!A7 | B9: =DEA_Input!C7 | C9: =DEA_Input!D7 | D9: =DEA_Input!E7 | E9: =DEA_Input!F7 | F9: =DEA_Input!G7 | G9: =DEA_Input!H7 | H9: 1 | J9: =IF(I9="","",IF(ROUND(I9,4)>=1,"Efficient","Inefficient"))
A10: =DEA_Input!A8 | B10: =DEA_Input!C8 | C10: =DEA_Input!D8 | D10: =DEA_Input!E8 | E10: =DEA_Input!F8 | F10: =DEA_Input!G8 | G10: =DEA_Input!H8 | H10: 0.7462 | J10: =IF(I10="","",IF(ROUND(I10,4)>=1,"Efficient","Inefficient"))
A11: =DEA_Input!A9 | B11: =DEA_Input!C9 | C11: =DEA_Input!D9 | D11: =DEA_Input!E9 | E11: =DEA_Input!F9 | F11: =DEA_Input!G9 | G11: =DEA_Input!H9 | H11: 0.2769 | J11: =IF(I11="","",IF(ROUND(I11,4)>=1,"Efficient","Inefficient"))
A12: =DEA_Input!A10 | B12: =DEA_Input!C10 | C12: =DEA_Input!D10 | D12: =DEA_Input!E10 | E12: =DEA_Input!F10 | F12: =DEA_Input!G10 | G12: =DEA_Input!H10 | H12: 0.3103 | J12: =IF(I12="","",IF(ROUND(I12,4)>=1,"Efficient","Inefficient"))
A13: =DEA_Input!A11 | B13: =DEA_Input!C11 | C13: =DEA_Input!D11 | D13: =DEA_Input!E11 | E13: =DEA_Input!F11 | F13: =DEA_Input!G11 | G13: =DEA_Input!H11 | H13: 0.0657 | J13: =IF(I13="","",IF(ROUND(I13,4)>=1,"Efficient","Inefficient"))
A15: Efficient DMUs (expected): | C15: =COUNTIF(H4:H13,">=0.99995")
A16: Inefficient DMUs (expected): | C16: =10-C15
A18: Benchmark (reference) DMUs – λ weights from the optimal solution (λ > 0 = reference peer)
A19: Target DMU | B19: λ1 | C19: λ2 | D19: λ3 | E19: λ4 | F19: λ5 | G19: λ6 | H19: λ7 | I19: λ8 | J19: λ9 | K19: λ10 | L19: Benchmarks
A20: Customer 1 | B20: 0 | C20: 0 | D20: 1.4343 | E20: 0 | F20: 0 | G20: 0.4219 | H20: 0 | I20: 0 | J20: 0 | K20: 0 | L20: Customer 3 (1.43), Customer 6 (0.42)
A21: Customer 2 | B21: 0 | C21: 0 | D21: 0.1517 | E21: 0 | F21: 0 | G21: 0.0483 | H21: 0 | I21: 0 | J21: 0 | K21: 0 | L21: Customer 3 (0.15), Customer 6 (0.05)
A22: Customer 3 | B22: 0 | C22: 0 | D22: 1 | E22: 0 | F22: 0 | G22: 0 | H22: 0 | I22: 0 | J22: 0 | K22: 0 | L22: — (efficient itself)
A23: Customer 4 | B23: 0 | C23: 0 | D23: 0.1304 | E23: 0 | F23: 0 | G23: 0.1696 | H23: 0 | I23: 0 | J23: 0 | K23: 0 | L23: Customer 3 (0.13), Customer 6 (0.17)
A24: Customer 5 | B24: 0 | C24: 0 | D24: 0.6825 | E24: 0 | F24: 0 | G24: 0.2275 | H24: 0 | I24: 0 | J24: 0 | K24: 0 | L24: Customer 3 (0.68), Customer 6 (0.23)
A25: Customer 6 | B25: 0 | C25: 0 | D25: 0 | E25: 0 | F25: 0 | G25: 1 | H25: 0 | I25: 0 | J25: 0 | K25: 0 | L25: — (efficient itself)
A26: Customer 7 | B26: 0 | C26: 0 | D26: 0.0829 | E26: 0 | F26: 0 | G26: 1.4509 | H26: 0 | I26: 0 | J26: 0 | K26: 0 | L26: Customer 3 (0.08), Customer 6 (1.45)
A27: Customer 8 | B27: 0 | C27: 0 | D27: 0.2462 | E27: 0 | F27: 0 | G27: 0.1538 | H27: 0 | I27: 0 | J27: 0 | K27: 0 | L27: Customer 3 (0.25), Customer 6 (0.15)
A28: Customer 9 | B28: 0 | C28: 0 | D28: 0.1897 | E28: 0 | F28: 0 | G28: 0.0603 | H28: 0 | I28: 0 | J28: 0 | K28: 0 | L28: Customer 3 (0.19), Customer 6 (0.06)
A29: Customer 10 | B29: 0 | C29: 0 | D29: 0.0657 | E29: 0 | F29: 0 | G29: 0 | H29: 0 | I29: 0 | J29: 0 | K29: 0 | L29: Customer 3 (0.07)
A31: Interpretation
A32: θ = 1 → CCR efficient (on the frontier): Customers 3, 6. They are the benchmarks.
A33: θ < 1 → relatively inefficient: Customers 1, 2, 4, 5, 7, 8, 9, 10. A score of e.g. 0.60 means the customer could produce the same outputs with ~60% of its inputs (deals, campaigns, recency), or is using inputs less effectively than its benchmark peers.
